"STATION","NAME","DATE","AWND","PRCP","SNWD","TAVG","TMAX","TMIN","TOBS","WESD","WSFI"
"USS0020K30S","SQUAW VALLEY G.C., CA US","2020-01-01","8.95","0.10","43.0","36","45","28","28","16.6","30.0"
"USS0020K30S","SQUAW VALLEY G.C., CA US","2020-01-02","2.24","0.00","42.0","34","43","27","36","16.6","15.0"
"USS0020K30S","SQUAW VALLEY G.C., CA US","2020-01-03","5.14","0.00","41.0","41","53","33","35","16.6","41.8"
"USS0020K30S","SQUAW VALLEY G.C., CA US","2020-01-04","8.28","0.00","42.0","32","38","27","30","16.6","29.3"
"USS0020K30S","SQUAW VALLEY G.C., CA US","2020-01-05","6.49","0.00","42.0","27","31","23","28","16.6","23.3"
"USS0020K30S","SQUAW VALLEY G.C., CA US","2020-01-06","2.24","0.00","42.0","36","49","27","37","16.6","7.8"
"USS0020K30S","SQUAW VALLEY G.C., CA US","2020-01-07","7.16","0.00","42.0","35","42","21","23","16.5","33.8"
"USS0020K30S","SQUAW VALLEY G.C., CA US","2020-01-08","12.08","0.00","41.0","23","26","21","22","16.4","29.5"
"USS0020K30S","SQUAW VALLEY G.C., CA US","2020-01-09","5.59","0.30","43.0","22","30","17","29","16.4","28.2"
"USS0020K30S","SQUAW VALLEY G.C., CA US","2020-01-10","8.95","0.00","40.0","32","41","23","23","16.4","46.3"
"USS0020K30S","SQUAW VALLEY G.C., CA US","2020-01-11","12.30","0.00","41.0","23","27","20","23","16.2","43.4"
"USS0020K30S","SQUAW VALLEY G.C., CA US","2020-01-12","15.21","0.00","40.0","22","25","20","22","16.2","42.7"
"USS0020K30S","SQUAW VALLEY G.C., CA US","2020-01-13","11.86","0.60","41.0","24","27","22","26","16.2","45.4"
"USS0020K30S","SQUAW VALLEY G.C., CA US","2020-01-14","13.42","0.00","41.0","22","27","18","21","16.2","52.1"
"USS0020K30S","SQUAW VALLEY G.C., CA US","2020-01-15","9.84","0.00","41.0","27","33","20","29","16.2","39.1"
"USS0020K30S","SQUAW VALLEY G.C., CA US","2020-01-16","18.34","1.70","50.0","24","29","18","18","17.5","53.0"
"USS0020K30S","SQUAW VALLEY G.C., CA US","2020-01-17","8.05","0.00","48.0","24","34","16","34","17.5","41.2"
"USS0020K30S","SQUAW VALLEY G.C., CA US","2020-01-18","3.80","0.10","48.0","36","47","31","36","17.5","17.0"
"USS0020K30S","SQUAW VALLEY G.C., CA US","2020-01-19","3.80","0.10","46.0","39","47","32","39","17.6","22.1"
"USS0020K30S","SQUAW VALLEY G.C., CA US","2020-01-20","8.50","0.00","46.0","35","40","28","28","17.6","27.3"
"USS0020K30S","SQUAW VALLEY G.C., CA US","2020-01-21","13.20","0.00","44.0","29","32","27","31","17.6","46.1"
"USS0020K30S","SQUAW VALLEY G.C., CA US","2020-01-22","9.17","0.30","43.0","33","41","30","37","17.9","38.5"
"USS0020K30S","SQUAW VALLEY G.C., CA US","2020-01-23","3.80","0.30","41.0","38","46","35","35","18.2","25.3"
"USS0020K30S","SQUAW VALLEY G.C., CA US","2020-01-24","11.41","0.00","42.0","33","36","31","34","18.2","34.4"
"USS0020K30S","SQUAW VALLEY G.C., CA US","2020-01-25","5.82","0.00","41.0","38","46","32","36","18.2","22.1"
"USS0020K30S","SQUAW VALLEY G.C., CA US","2020-01-26","12.08","0.80","48.0","31","36","27","28","19.0","40.7"
"USS0020K30S","SQUAW VALLEY G.C., CA US","2020-01-27","10.07","0.00","47.0","30","33","27","30","19.0","23.7"
"USS0020K30S","SQUAW VALLEY G.C., CA US","2020-01-28","12.30","0.00","47.0","29","32","24","27","19.0","34.9"
"USS0020K30S","SQUAW VALLEY G.C., CA US","2020-01-29","3.13","0.00","46.0","31","41","22","38","19.0","12.3"
"USS0020K30S","SQUAW VALLEY G.C., CA US","2020-01-30","3.36","0.00","45.0","37","46","32","34","19.0","20.1"
"USS0020K30S","SQUAW VALLEY G.C., CA US","2020-01-31","3.80","0.00","43.0","46","57","34","47","19.0","14.8"
"USS0020K30S","SQUAW VALLEY G.C., CA US","2020-02-01","6.26","0.00","42.0","48","55","41","41","19.0","30.9"
"USS0020K30S","SQUAW VALLEY G.C., CA US","2020-02-02","11.41","0.00","44.0","26","41","12","12","19.0","36.7"
"USS0020K30S","SQUAW VALLEY G.C., CA US","2020-02-03","7.38","0.00","42.0","12","18","7","12","19.0","27.5"
"USS0020K30S","SQUAW VALLEY G.C., CA US","2020-02-04","4.70","0.00","42.0","18","26","10","26","19.0","26.8"
"USS0020K30S","SQUAW VALLEY G.C., CA US","2020-02-05","4.47","0.00","42.0","33","43","25","31","19.0","21.7"
"USS0020K30S","SQUAW VALLEY G.C., CA US","2020-02-06","2.01","0.00","42.0","38","47","30","37","19.0","16.8"
"USS0020K30S","SQUAW VALLEY G.C., CA US","2020-02-07","5.59","0.00","41.0","41","51","34","38","18.9","21.7"
"USS0020K30S","SQUAW VALLEY G.C., CA US","2020-02-08","13.42","0.00","41.0","34","39","18","18","18.9","31.3"
"USS0020K30S","SQUAW VALLEY G.C., CA US","2020-02-09","10.96","0.00","41.0","20","26","16","20","18.8","36.2"
"USS0020K30S","SQUAW VALLEY G.C., CA US","2020-02-10","5.59","0.00","41.0","28","38","19","28","18.8","19.9"
"USS0020K30S","SQUAW VALLEY G.C., CA US","2020-02-11","3.80","0.00","40.0","33","43","24","33","18.8","17.9"
"USS0020K30S","SQUAW VALLEY G.C., CA US","2020-02-12","2.24","0.00","41.0","35","43","28","30","18.6","11.0"
"USS0020K30S","SQUAW VALLEY G.C., CA US","2020-02-13","7.16","0.00","40.0","36","42","29","33","18.4","22.8"
"USS0020K30S","SQUAW VALLEY G.C., CA US","2020-02-14","8.05","0.00","40.0","35","41","31","35","18.3","25.5"
"USS0020K30S","SQUAW VALLEY G.C., CA US","2020-02-15","14.09","0.00","40.0","35","40","33","35","18.2","28.4"
"USS0020K30S","SQUAW VALLEY G.C., CA US","2020-02-16","10.51","0.00","40.0","35","40","30","30","18.0","36.7"
"USS0020K30S","SQUAW VALLEY G.C., CA US","2020-02-17","2.01","0.00","40.0","32","44","25","26","17.8","12.3"
"USS0020K30S","SQUAW VALLEY G.C., CA US","2020-02-18","5.82","0.00","39.0","34","40","26","31","17.8","19.0"
"USS0020K30S","SQUAW VALLEY G.C., CA US","2020-02-19","1.79","0.00","40.0","31","42","26","28","17.7","7.8"
"USS0020K30S","SQUAW VALLEY G.C., CA US","2020-02-20","3.36","0.00","39.0","34","44","26","33","17.7","23.5"
"USS0020K30S","SQUAW VALLEY G.C., CA US","2020-02-21","2.91","0.00","40.0","37","47","30","34","17.6","13.6"
"USS0020K30S","SQUAW VALLEY G.C., CA US","2020-02-22","2.24","0.00","39.0","36","47","30","35","17.6","12.3"
"USS0020K30S","SQUAW VALLEY G.C., CA US","2020-02-23","8.95","0.00","39.0","37","40","34","35","17.5","24.8"
"USS0020K30S","SQUAW VALLEY G.C., CA US","2020-02-24","2.91","0.00","39.0","36","46","31","32","17.5","14.3"
"USS0020K30S","SQUAW VALLEY G.C., CA US","2020-02-25","3.80","0.00","39.0","37","46","29","38","17.4","14.1"
"USS0020K30S","SQUAW VALLEY G.C., CA US","2020-02-26","7.83","0.00","38.0","42","47","37","39","17.1","18.8"
"USS0020K30S","SQUAW VALLEY G.C., CA US","2020-02-27","3.36","0.00","37.0","43","54","37","40","16.6","11.6"
"USS0020K30S","SQUAW VALLEY G.C., CA US","2020-02-28","6.26","0.00","36.0","41","47","36","36","16.4","30.9"
"USS0020K30S","SQUAW VALLEY G.C., CA US","2020-02-29","11.63","0.00","36.0","33","38","24","24","16.1","43.2"
"USS0020K30S","SQUAW VALLEY G.C., CA US","2020-03-01","5.37","0.70","44.0","19","24","16","16","16.8","26.6"
"USS0020K30S","SQUAW VALLEY G.C., CA US","2020-03-02","7.61","0.00","41.0","25","33","16","31","16.8","28.2"
"USS0020K30S","SQUAW VALLEY G.C., CA US","2020-03-03","2.46","0.00","40.0","38","50","30","37","16.7","17.0"
"USS0020K30S","SQUAW VALLEY G.C., CA US","2020-03-04","4.25","0.00","36.0","44","56","36","44","16.5","15.9"
"USS0020K30S","SQUAW VALLEY G.C., CA US","2020-03-05","7.16","0.00","35.0","43","49","39","40","16.3","31.5"
"USS0020K30S","SQUAW VALLEY G.C., CA US","2020-03-06","12.97","0.00","34.0","40","46","35","36","16.0","40.9"
"USS0020K30S","SQUAW VALLEY G.C., CA US","2020-03-07","9.40","0.40","38.0","28","36","25","25","16.4","39.6"
"USS0020K30S","SQUAW VALLEY G.C., CA US","2020-03-08","6.26","0.10","37.0","27","33","25","27","16.5","21.9"
"USS0020K30S","SQUAW VALLEY G.C., CA US","2020-03-09","4.25","0.00","37.0","31","41","26","32","16.5","21.7"
"USS0020K30S","SQUAW VALLEY G.C., CA US","2020-03-10","2.68","0.00","37.0","35","43","28","33","16.5","18.1"
"USS0020K30S","SQUAW VALLEY G.C., CA US","2020-03-11","2.24","0.00","35.0","39","50","31","39","16.5","9.8"
"USS0020K30S","SQUAW VALLEY G.C., CA US","2020-03-12","4.25","0.00","34.0","39","46","34","35","16.5","19.0"
"USS0020K30S","SQUAW VALLEY G.C., CA US","2020-03-13","9.84","0.10","34.0","35","41","28","28","16.6","44.7"
"USS0020K30S","SQUAW VALLEY G.C., CA US","2020-03-14","10.74","2.40","55.0","25","29","23","24","19.3","42.9"
"USS0020K30S","SQUAW VALLEY G.C., CA US","2020-03-15","10.29","0.70","62.0","24","26","21","25","20.2","46.1"
"USS0020K30S","SQUAW VALLEY G.C., CA US","2020-03-16","7.16","1.40","77.0","25","32","20","20","21.6","37.4"
"USS0020K30S","SQUAW VALLEY G.C., CA US","2020-03-17","10.74","0.60","75.0","19","23","16","19","22.7","30.0"
"USS0020K30S","SQUAW VALLEY G.C., CA US","2020-03-18","7.61","0.40","77.0","21","26","18","19","23.4","33.6"
"USS0020K30S","SQUAW VALLEY G.C., CA US","2020-03-19","1.57","0.00","73.0","24","37","17","23","23.5","7.8"
"USS0020K30S","SQUAW VALLEY G.C., CA US","2020-03-20","2.01","0.00","70.0","27","36","19","27","23.8","13.0"
"USS0020K30S","SQUAW VALLEY G.C., CA US","2020-03-21","2.46","0.00","68.0","31","44","25","26","24.3","11.4"
"USS0020K30S","SQUAW VALLEY G.C., CA US","2020-03-22","3.58","0.10","66.0","31","43","25","28","24.4","16.8"
"USS0020K30S","SQUAW VALLEY G.C., CA US","2020-03-23","12.08","0.30","63.0","29","33","27","27","24.7","52.6"
"USS0020K30S","SQUAW VALLEY G.C., CA US","2020-03-24","10.74","0.90","71.0","25","27","22","22","25.8","43.4"
"USS0020K30S","SQUAW VALLEY G.C., CA US","2020-03-25","8.72","0.40","71.0","19","25","13","15","26.2","31.1"
"USS0020K30S","SQUAW VALLEY G.C., CA US","2020-03-26","2.24","0.10","69.0","20","32","13","17","26.3","14.1"
"USS0020K30S","SQUAW VALLEY G.C., CA US","2020-03-27","8.50","0.10","68.0","23","29","17","24","26.4","24.6"
"USS0020K30S","SQUAW VALLEY G.C., CA US","2020-03-28","7.16","0.00","69.0","26","33","23","26","26.4","26.4"
"USS0020K30S","SQUAW VALLEY G.C., CA US","2020-03-29","9.62","0.10","70.0","27","32","25","27","26.5","21.9"
"USS0020K30S","SQUAW VALLEY G.C., CA US","2020-03-30","11.41","0.00","67.0","29","32","26","31","26.5","38.9"
"USS0020K30S","SQUAW VALLEY G.C., CA US","2020-03-31","13.87","0.00","66.0","33","36","30","32","26.3","42.3"
"USS0020K30S","SQUAW VALLEY G.C., CA US","2020-04-01","13.87","0.00","66.0","29","33","19","19","26.1","42.1"
"USS0020K30S","SQUAW VALLEY G.C., CA US","2020-04-02","6.26","0.00","65.0","26","40","15","26","26.0","20.6"
"USS0020K30S","SQUAW VALLEY G.C., CA US","2020-04-03","11.63","0.00","64.0","30","36","25","31","26.0","27.1"
"USS0020K30S","SQUAW VALLEY G.C., CA US","2020-04-04","7.61","1.10","70.0","29","32","28","29","27.9","41.4"
"USS0020K30S","SQUAW VALLEY G.C., CA US","2020-04-05","10.96","1.00","77.0","27","30","22","22","29.7","48.8"
"USS0020K30S","SQUAW VALLEY G.C., CA US","2020-04-06","3.80","0.50","78.0","28","38","21","28","30.5","18.1"
"USS0020K30S","SQUAW VALLEY G.C., CA US","2020-04-07","2.91","0.20","72.0","33","43","27","35","30.9","20.1"
"USS0020K30S","SQUAW VALLEY G.C., CA US","2020-04-08","7.16","0.10","68.0","40","47","33","41","31.0","35.3"
"USS0020K30S","SQUAW VALLEY G.C., CA US","2020-04-09","5.14","0.00","66.0","36","42","32","32","31.0","23.7"
"USS0020K30S","SQUAW VALLEY G.C., CA US","2020-04-10","2.46","0.00","64.0","38","50","27","38","30.9","13.6"
"USS0020K30S","SQUAW VALLEY G.C., CA US","2020-04-11","5.82","0.00","62.0","43","50","36","38","30.7","18.3"
"USS0020K30S","SQUAW VALLEY G.C., CA US","2020-04-12","3.58","0.00","60.0","39","53","34","35","30.4","14.8"
"USS0020K30S","SQUAW VALLEY G.C., CA US","2020-04-13","3.80","0.00","59.0","35","43","29","29","30.0","16.8"
"USS0020K30S","SQUAW VALLEY G.C., CA US","2020-04-14","3.58","0.00","58.0","38","51","26","41","29.6","16.1"
"USS0020K30S","SQUAW VALLEY G.C., CA US","2020-04-15","7.61","0.00","57.0","43","49","36","38","29.0","21.3"
"USS0020K30S","SQUAW VALLEY G.C., CA US","2020-04-16","2.01","0.00","56.0","40","51","31","35","28.3","10.5"
"USS0020K30S","SQUAW VALLEY G.C., CA US","2020-04-17","2.24","0.20","55.0","36","46","30","33","27.8","15.7"
"USS0020K30S","SQUAW VALLEY G.C., CA US","2020-04-18","8.50","0.00","54.0","36","45","32","33","27.5","21.5"
"USS0020K30S","SQUAW VALLEY G.C., CA US","2020-04-19","6.26","0.00","54.0","35","42","31","32","27.1","22.1"
"USS0020K30S","SQUAW VALLEY G.C., CA US","2020-04-20","5.59","0.00","53.0","35","41","30","33","26.5","20.4"
"USS0020K30S","SQUAW VALLEY G.C., CA US","2020-04-21","4.70","0.20","51.0","41","57","32","44","25.7","18.3"
"USS0020K30S","SQUAW VALLEY G.C., CA US","2020-04-22","7.61","0.00","49.0","44","49","39","40","24.8","25.9"
"USS0020K30S","SQUAW VALLEY G.C., CA US","2020-04-23","7.16","0.00","47.0","45","51","39","42","23.6","22.8"
"USS0020K30S","SQUAW VALLEY G.C., CA US","2020-04-24","5.14","0.20","45.0","49","57","41","45","22.5","19.0"
"USS0020K30S","SQUAW VALLEY G.C., CA US","2020-04-25","7.16","0.00","43.0","48","56","42","45","21.3","20.4"
"USS0020K30S","SQUAW VALLEY G.C., CA US","2020-04-26","6.26","0.00","41.0","47","54","40","44","20.2","27.3"
"USS0020K30S","SQUAW VALLEY G.C., CA US","2020-04-27","8.50","0.20","39.0","48","55","42","47","19.0","19.7"
"USS0020K30S","SQUAW VALLEY G.C., CA US","2020-04-28","2.91","0.00","36.0","55","66","46","54","17.3","13.6"
"USS0020K30S","SQUAW VALLEY G.C., CA US","2020-04-29","6.49","0.00","32.0","52","58","45","45","15.6","25.3"
"USS0020K30S","SQUAW VALLEY G.C., CA US","2020-04-30","9.40","0.10","29.0","44","49","38","39","13.9","31.5"
"USS0020K30S","SQUAW VALLEY G.C., CA US","2020-05-01","7.16","0.00","27.0","43","51","38","41","13.1","19.0"
"USS0020K30S","SQUAW VALLEY G.C., CA US","2020-05-02","9.17","0.00","25.0","40","45","36","36","12.0","37.8"
"USS0020K30S","SQUAW VALLEY G.C., CA US","2020-05-03","7.38","0.00","24.0","39","45","34","36","11.7","29.5"
"USS0020K30S","SQUAW VALLEY G.C., CA US","2020-05-04","3.58","0.00","22.0","44","53","33","43","10.8","16.8"
"USS0020K30S","SQUAW VALLEY G.C., CA US","2020-05-05","7.38","0.00","21.0","46","53","41","42","9.6","32.4"
"USS0020K30S","SQUAW VALLEY G.C., CA US","2020-05-06","5.37","0.00","18.0","48","59","41","41","8.6","29.3"
"USS0020K30S","SQUAW VALLEY G.C., CA US","2020-05-07","1.79","0.00","16.0","48","59","38","46","7.2","8.9"
"USS0020K30S","SQUAW VALLEY G.C., CA US","2020-05-08","3.80","0.00","15.0","54","63","44","52","5.7","18.1"
"USS0020K30S","SQUAW VALLEY G.C., CA US","2020-05-09","4.70","0.00","11.0","55","64","48","53","4.5","21.0"
"USS0020K30S","SQUAW VALLEY G.C., CA US","2020-05-10","6.71","0.00","7.0","50","57","44","44","3.0","33.3"
"USS0020K30S","SQUAW VALLEY G.C., CA US","2020-05-11","10.74","0.00","5.0","41","47","34","34","2.0","48.3"
"USS0020K30S","SQUAW VALLEY G.C., CA US","2020-05-12","12.75","0.20","4.0","33","35","31","31","1.8","51.0"
"USS0020K30S","SQUAW VALLEY G.C., CA US","2020-05-13","8.95","0.10","3.0","33","38","29","33","1.5","42.5"
"USS0020K30S","SQUAW VALLEY G.C., CA US","2020-05-14","8.50","0.30","5.0","33","36","31","33","2.7","31.1"
"USS0020K30S","SQUAW VALLEY G.C., CA US","2020-05-15","4.70","0.20","4.0","42","49","33","42","1.9","14.5"
"USS0020K30S","SQUAW VALLEY G.C., CA US","2020-05-16","6.93","0.00","3.0","45","52","39","40","1.1","41.8"
"USS0020K30S","SQUAW VALLEY G.C., CA US","2020-05-17","12.97","0.20","2.0","38","41","33","33","0.9","49.9"
"USS0020K30S","SQUAW VALLEY G.C., CA US","2020-05-18","9.84","2.10","9.0","31","34","28","29","2.3","33.1"
"USS0020K30S","SQUAW VALLEY G.C., CA US","2020-05-19","7.61","0.20","8.0","31","36","28","32","2.5","21.3"
"USS0020K30S","SQUAW VALLEY G.C., CA US","2020-05-20","7.61","0.00","5.0","35","40","30","36","2.4","20.8"
"USS0020K30S","SQUAW VALLEY G.C., CA US","2020-05-21","7.61","0.10","3.0","42","49","33","39","1.5","29.3"
"USS0020K30S","SQUAW VALLEY G.C., CA US","2020-05-22","7.61","0.00","2.0","38","43","33","33","0.9","32.0"
"USS0020K30S","SQUAW VALLEY G.C., CA US","2020-05-23","3.80","0.00","1.0","42","54","30","43","0.4","16.6"
"USS0020K30S","SQUAW VALLEY G.C., CA US","2020-05-24","1.79","0.00","0.0","50","59","40","49","0.0","10.1"
"USS0020K30S","SQUAW VALLEY G.C., CA US","2020-05-25","4.25","0.00","0.0","55","65","46","53","0.0","16.8"
"USS0020K30S","SQUAW VALLEY G.C., CA US","2020-05-26","4.92","0.00","0.0","58","65","51","56","0.0","15.4"
"USS0020K30S","SQUAW VALLEY G.C., CA US","2020-05-27","5.37","0.00","0.0","60","66","53","59","0.0","25.3"
"USS0020K30S","SQUAW VALLEY G.C., CA US","2020-05-28","4.92","0.00","0.0","62","71","55","58","0.0","18.1"
"USS0020K30S","SQUAW VALLEY G.C., CA US","2020-05-29","4.92","0.00","0.0","61","70","50","51","0.0","22.6"
"USS0020K30S","SQUAW VALLEY G.C., CA US","2020-05-30","9.84","0.10","0.0","41","51","37","38","0.0","35.3"
"USS0020K30S","SQUAW VALLEY G.C., CA US","2020-05-31","5.59","0.00","0.0","45","53","38","43","0.0","20.1"
"USS0020K30S","SQUAW VALLEY G.C., CA US","2020-06-01","3.36","0.30","0.0","46","54","42","45","0.0","20.6"
"USS0020K30S","SQUAW VALLEY G.C., CA US","2020-06-02","4.03","0.00","0.0","55","63","45","58","0.0","18.8"
"USS0020K30S","SQUAW VALLEY G.C., CA US","2020-06-03","6.71","0.00","0.0","59","65","55","57","0.0","28.0"
"USS0020K30S","SQUAW VALLEY G.C., CA US","2020-06-04","6.26","0.00","0.0","60","66","53","57","0.0","28.6"
"USS0020K30S","SQUAW VALLEY G.C., CA US","2020-06-05","7.61","0.00","0.0","54","61","42","42","0.0","35.3"
"USS0020K30S","SQUAW VALLEY G.C., CA US","2020-06-06","9.40","0.10","0.0","37","42","30","30","0.0","43.6"
"USS0020K30S","SQUAW VALLEY G.C., CA US","2020-06-07","8.50","0.20","1.0","29","34","26","27","0.1","26.2"
"USS0020K30S","SQUAW VALLEY G.C., CA US","2020-06-08","3.58","0.10","0.0","38","52","25","42","0.0","13.4"
"USS0020K30S","SQUAW VALLEY G.C., CA US","2020-06-09","2.46","0.10","0.0","51","61","41","49","0.0","9.8"
"USS0020K30S","SQUAW VALLEY G.C., CA US","2020-06-10","4.70","0.00","0.0","54","62","47","51","0.0","27.7"
"USS0020K30S","SQUAW VALLEY G.C., CA US","2020-06-11","5.59","0.00","0.0","54","62","49","51","0.0","29.1"
"USS0020K30S","SQUAW VALLEY G.C., CA US","2020-06-12","8.50","0.10","0.0","44","52","31","31","0.0","32.0"
"USS0020K30S","SQUAW VALLEY G.C., CA US","2020-06-13","8.50","0.10","0.0","35","40","30","38","0.0","34.9"
"USS0020K30S","SQUAW VALLEY G.C., CA US","2020-06-14","6.93","0.10","0.0","47","54","38","50","0.0","18.8"
"USS0020K30S","SQUAW VALLEY G.C., CA US","2020-06-15","9.17","0.00","0.0","47","53","41","42","0.0","40.3"
"USS0020K30S","SQUAW VALLEY G.C., CA US","2020-06-16","10.29","0.00","0.0","42","47","37","38","0.0","37.6"
"USS0020K30S","SQUAW VALLEY G.C., CA US","2020-06-17","3.58","0.00","0.0","43","53","31","44","0.0","16.8"
"USS0020K30S","SQUAW VALLEY G.C., CA US","2020-06-18","2.46","0.00","0.0","51","62","41","49","0.0","14.1"
"USS0020K30S","SQUAW VALLEY G.C., CA US","2020-06-19","4.47","0.00","0.0","56","65","46","55","0.0","17.9"
"USS0020K30S","SQUAW VALLEY G.C., CA US","2020-06-20","6.04","0.00","0.0","58","65","51","55","0.0","27.7"
"USS0020K30S","SQUAW VALLEY G.C., CA US","2020-06-21","5.14","0.00","0.0","60","67","51","58","0.0","19.2"
"USS0020K30S","SQUAW VALLEY G.C., CA US","2020-06-22","2.91","0.00","0.0","63","75","53","61","0.0","14.3"
"USS0020K30S","SQUAW VALLEY G.C., CA US","2020-06-23","3.36","0.00","0.0","66","78","59","60","0.0","17.9"
"USS0020K30S","SQUAW VALLEY G.C., CA US","2020-06-24","5.59","0.00","0.0","63","71","55","56","0.0","21.7"
"USS0020K30S","SQUAW VALLEY G.C., CA US","2020-06-25","4.03","0.00","0.0","62","73","54","61","0.0","18.6"
"USS0020K30S","SQUAW VALLEY G.C., CA US","2020-06-26","4.25","0.00","0.0","65","75","57","63","0.0","17.2"
"USS0020K30S","SQUAW VALLEY G.C., CA US","2020-06-27","8.72","0.00","0.0","62","68","54","55","0.0","44.7"
"USS0020K30S","SQUAW VALLEY G.C., CA US","2020-06-28","11.86","0.00","0.0","49","55","39","39","0.0","46.3"
"USS0020K30S","SQUAW VALLEY G.C., CA US","2020-06-29","2.91","0.00","0.0","45","56","33","45","0.0","13.2"
"USS0020K30S","SQUAW VALLEY G.C., CA US","2020-06-30","8.50","0.00","0.0","50","56","44","49","0.0","22.1"
"USS0020K30S","SQUAW VALLEY G.C., CA US","2020-07-01","8.05","0.00","0.0","53","60","47","48","0.0","23.0"
"USS0020K30S","SQUAW VALLEY G.C., CA US","2020-07-02","6.04","0.00","0.0","53","60","47","50","0.0","22.6"
"USS0020K30S","SQUAW VALLEY G.C., CA US","2020-07-03","7.83","0.00","0.0","54","61","49","53","0.0","27.3"
"USS0020K30S","SQUAW VALLEY G.C., CA US","2020-07-04","6.71","0.00","0.0","56","63","51","55","0.0","21.0"
"USS0020K30S","SQUAW VALLEY G.C., CA US","2020-07-05","6.71","0.00","0.0","58","65","52","57","0.0","24.2"
"USS0020K30S","SQUAW VALLEY G.C., CA US","2020-07-06","9.62","0.00","0.0","57","64","52","52","0.0","36.0"
"USS0020K30S","SQUAW VALLEY G.C., CA US","2020-07-07","6.49","0.00","0.0","55","62","50","52","0.0","23.5"
"USS0020K30S","SQUAW VALLEY G.C., CA US","2020-07-08","4.70","0.00","0.0","56","64","49","53","0.0","23.3"
"USS0020K30S","SQUAW VALLEY G.C., CA US","2020-07-09","6.26","0.00","0.0","57","64","50","53","0.0","25.1"
"USS0020K30S","SQUAW VALLEY G.C., CA US","2020-07-10","4.70","0.00","0.0","62","72","52","59","0.0","17.7"
"USS0020K30S","SQUAW VALLEY G.C., CA US","2020-07-11","7.83","0.00","0.0","63","69","55","62","0.0","25.9"
"USS0020K30S","SQUAW VALLEY G.C., CA US","2020-07-12","7.61","0.00","0.0","63","69","58","60","0.0","33.1"
"USS0020K30S","SQUAW VALLEY G.C., CA US","2020-07-13","7.61","0.00","0.0","61","68","57","58","0.0","32.7"
"USS0020K30S","SQUAW VALLEY G.C., CA US","2020-07-14","5.82","0.00","0.0","62","69","56","60","0.0","16.6"
"USS0020K30S","SQUAW VALLEY G.C., CA US","2020-07-15","3.58","0.00","0.0","65","75","55","65","0.0","13.2"
"USS0020K30S","SQUAW VALLEY G.C., CA US","2020-07-16","4.03","0.00","0.0","67","77","60","63","0.0","19.9"
"USS0020K30S","SQUAW VALLEY G.C., CA US","2020-07-17","8.05","0.00","0.0","64","70","59","61","0.0","22.1"
"USS0020K30S","SQUAW VALLEY G.C., CA US","2020-07-18","5.59","0.00","0.0","65","71","58","61","0.0","21.5"
"USS0020K30S","SQUAW VALLEY G.C., CA US","2020-07-19","4.70","0.00","0.0","65","75","58","62","0.0","22.4"
"USS0020K30S","SQUAW VALLEY G.C., CA US","2020-07-20","3.80","0.00","0.0","65","75","58","60","0.0","21.7"
"USS0020K30S","SQUAW VALLEY G.C., CA US","2020-07-21","3.80","0.00","0.0","65","75","60","60","0.0","20.1"
"USS0020K30S","SQUAW VALLEY G.C., CA US","2020-07-22","6.04","0.00","0.0","59","65","52","54","0.0","21.3"
"USS0020K30S","SQUAW VALLEY G.C., CA US","2020-07-23","4.92","0.00","0.0","58","65","51","53","0.0","21.5"
"USS0020K30S","SQUAW VALLEY G.C., CA US","2020-07-24","5.59","0.00","0.0","59","66","51","57","0.0","19.9"
"USS0020K30S","SQUAW VALLEY G.C., CA US","2020-07-25","4.70","0.00","0.0","61","70","54","59","0.0","20.8"
"USS0020K30S","SQUAW VALLEY G.C., CA US","2020-07-26","4.47","0.00","0.0","62","74","55","55","0.0","27.3"
"USS0020K30S","SQUAW VALLEY G.C., CA US","2020-07-27","3.58","0.00","0.0","62","69","54","55","0.0","22.8"
"USS0020K30S","SQUAW VALLEY G.C., CA US","2020-07-28","4.92","0.00","0.0","61","71","53","59","0.0","25.7"
"USS0020K30S","SQUAW VALLEY G.C., CA US","2020-07-29","8.50","0.00","0.0","63","69","58","63","0.0","24.6"
"USS0020K30S","SQUAW VALLEY G.C., CA US","2020-07-30","8.05","0.00","0.0","63","70","56","62","0.0","29.1"
"USS0020K30S","SQUAW VALLEY G.C., CA US","2020-07-31","6.71","0.00","0.0","63","71","58","60","0.0","19.2"
"USS0020K30S","SQUAW VALLEY G.C., CA US","2020-08-01","8.05","0.00","0.0","63","72","58","62","0.0","19.7"
"USS0020K30S","SQUAW VALLEY G.C., CA US","2020-08-02","7.61","0.00","0.0","62","69","56","56","0.0","29.5"
"USS0020K30S","SQUAW VALLEY G.C., CA US","2020-08-03","5.82","0.00","0.0","60","69","54","56","0.0","23.0"
"USS0020K30S","SQUAW VALLEY G.C., CA US","2020-08-04","6.71","0.00","0.0","61","69","54","56","0.0","21.7"
"USS0020K30S","SQUAW VALLEY G.C., CA US","2020-08-05","7.16","0.00","0.0","57","65","49","50","0.0","25.7"
"USS0020K30S","SQUAW VALLEY G.C., CA US","2020-08-06","7.16","0.00","0.0","55","63","50","52","0.0","20.1"
"USS0020K30S","SQUAW VALLEY G.C., CA US","2020-08-07","3.80","0.00","0.0","58","70","50","58","0.0","16.3"
"USS0020K30S","SQUAW VALLEY G.C., CA US","2020-08-08","3.80","0.00","0.0","62","74","53","60","0.0","18.8"
"USS0020K30S","SQUAW VALLEY G.C., CA US","2020-08-09","3.80","0.00","0.0","65","75","57","63","0.0","15.9"
"USS0020K30S","SQUAW VALLEY G.C., CA US","2020-08-10","3.80","0.30","0.0","63","75","51","61","0.0","23.7"
"USS0020K30S","SQUAW VALLEY G.C., CA US","2020-08-11","7.61","0.00","0.0","61","67","54","56","0.0","23.0"
"USS0020K30S","SQUAW VALLEY G.C., CA US","2020-08-12","6.26","0.00","0.0","58","66","54","56","0.0","28.6"
"USS0020K30S","SQUAW VALLEY G.C., CA US","2020-08-13","5.82","0.00","0.0","60","67","55","57","0.0","31.1"
"USS0020K30S","SQUAW VALLEY G.C., CA US","2020-08-14","3.58","0.00","0.0","65","74","55","63","0.0","22.6"
"USS0020K30S","SQUAW VALLEY G.C., CA US","2020-08-15","4.25","0.00","0.0","69","76","62","65","0.0","24.4"
"USS0020K30S","SQUAW VALLEY G.C., CA US","2020-08-16","4.92","0.00","0.0","66","74","60","60","0.0","24.6"
"USS0020K30S","SQUAW VALLEY G.C., CA US","2020-08-17","2.91","0.00","0.0","67","79","58","59","0.0","21.9"
"USS0020K30S","SQUAW VALLEY G.C., CA US","2020-08-18","4.25","0.00","0.0","67","75","58","65","0.0","23.5"
"USS0020K30S","SQUAW VALLEY G.C., CA US","2020-08-19","5.14","0.00","0.0","63","70","56","58","0.0","21.0"
"USS0020K30S","SQUAW VALLEY G.C., CA US","2020-08-20","6.71","0.00","0.0","62","71","56","62","0.0","26.8"
"USS0020K30S","SQUAW VALLEY G.C., CA US","2020-08-21","6.71","0.10","0.0","63","71","59","62","0.0","32.7"
"USS0020K30S","SQUAW VALLEY G.C., CA US","2020-08-22","6.93","0.00","0.0","64","72","59","64","0.0","26.6"
"USS0020K30S","SQUAW VALLEY G.C., CA US","2020-08-23","4.70","0.00","0.0","67","73","56","56","0.0","24.6"
"USS0020K30S","SQUAW VALLEY G.C., CA US","2020-08-24","5.59","0.00","0.0","61","69","52","60","0.0","25.1"
"USS0020K30S","SQUAW VALLEY G.C., CA US","2020-08-25","6.49","0.00","0.0","60","67","56","58","0.0","23.7"
"USS0020K30S","SQUAW VALLEY G.C., CA US","2020-08-26","8.05","0.00","0.0","58","67","53","54","0.0","23.9"
"USS0020K30S","SQUAW VALLEY G.C., CA US","2020-08-27","4.47","0.00","0.0","58","67","49","57","0.0","17.9"
"USS0020K30S","SQUAW VALLEY G.C., CA US","2020-08-28","3.36","0.00","0.0","62","72","54","61","0.0","21.3"
"USS0020K30S","SQUAW VALLEY G.C., CA US","2020-08-29","4.70","0.00","0.0","63","74","56","58","0.0","19.2"
"USS0020K30S","SQUAW VALLEY G.C., CA US","2020-08-30","4.70","0.00","0.0","63","71","56","58","0.0","18.3"
"USS0020K30S","SQUAW VALLEY G.C., CA US","2020-08-31","5.59","0.00","0.0","60","66","54","58","0.0","16.8"
"USS0020K30S","SQUAW VALLEY G.C., CA US","2020-09-01","2.24","0.00","0.0","59","71","49","56","0.0","14.1"
"USS0020K30S","SQUAW VALLEY G.C., CA US","2020-09-02","4.25","0.00","0.0","65","74","56","62","0.0","17.2"
"USS0020K30S","SQUAW VALLEY G.C., CA US","2020-09-03","4.47","0.00","0.0","69","79","60","67","0.0","17.2"
"USS0020K30S","SQUAW VALLEY G.C., CA US","2020-09-04","4.47","0.00","0.0","71","81","64","68","0.0","21.5"
"USS0020K30S","SQUAW VALLEY G.C., CA US","2020-09-05","4.47","0.00","0.0","71","80","62","68","0.0","23.0"
"USS0020K30S","SQUAW VALLEY G.C., CA US","2020-09-06","3.13","0.00","0.0","69","75","63","66","0.0","16.3"
"USS0020K30S","SQUAW VALLEY G.C., CA US","2020-09-07","6.49","0.00","0.0","67","73","59","60","0.0","21.3"
"USS0020K30S","SQUAW VALLEY G.C., CA US","2020-09-08","4.47","0.00","0.0","50","60","43","47","0.0","19.7"
"USS0020K30S","SQUAW VALLEY G.C., CA US","2020-09-09","3.13","0.10","0.0","53","63","45","53","0.0","18.6"
"USS0020K30S","SQUAW VALLEY G.C., CA US","2020-09-10","4.92","0.00","0.0","54","62","49","51","0.0","16.1"
"USS0020K30S","SQUAW VALLEY G.C., CA US","2020-09-11","4.25","0.00","0.0","59","71","50","57","0.0","17.2"
"USS0020K30S","SQUAW VALLEY G.C., CA US","2020-09-12","3.80","0.00","0.0","61","72","53","58","0.0","15.9"
"USS0020K30S","SQUAW VALLEY G.C., CA US","2020-09-13","5.37","0.00","0.0","61","68","55","59","0.0","23.5"
"USS0020K30S","SQUAW VALLEY G.C., CA US","2020-09-14","7.61","0.00","0.0","60","67","57","58","0.0","28.0"
"USS0020K30S","SQUAW VALLEY G.C., CA US","2020-09-15","7.38","0.00","0.0","60","67","55","59","0.0","22.6"
"USS0020K30S","SQUAW VALLEY G.C., CA US","2020-09-16","7.16","0.00","0.0","60","67","55","57","0.0","24.6"
"USS0020K30S","SQUAW VALLEY G.C., CA US","2020-09-17","6.93","0.00","0.0","57","64","50","51","0.0","29.1"
"USS0020K30S","SQUAW VALLEY G.C., CA US","2020-09-18","8.95","0.00","0.0","49","54","44","45","0.0","35.1"
"USS0020K30S","SQUAW VALLEY G.C., CA US","2020-09-19","5.59","0.00","0.0","51","61","44","48","0.0","20.8"
"USS0020K30S","SQUAW VALLEY G.C., CA US","2020-09-20","3.80","0.00","0.0","56","67","47","56","0.0","17.7"
"USS0020K30S","SQUAW VALLEY G.C., CA US","2020-09-21","6.71","0.00","0.0","56","64","51","52","0.0","27.7"
"USS0020K30S","SQUAW VALLEY G.C., CA US","2020-09-22","7.38","0.00","0.0","53","60","49","52","0.0","30.2"
"USS0020K30S","SQUAW VALLEY G.C., CA US","2020-09-23","6.71","0.00","0.0","55","63","51","52","0.0","30.4"
"USS0020K30S","SQUAW VALLEY G.C., CA US","2020-09-24","6.93","0.00","0.0","53","60","49","52","0.0","25.9"
"USS0020K30S","SQUAW VALLEY G.C., CA US","2020-09-25","8.72","0.00","0.0","55","63","50","55","0.0","25.5"
"USS0020K30S","SQUAW VALLEY G.C., CA US","2020-09-26","6.26","0.00","0.0","55","63","47","48","0.0","20.4"
"USS0020K30S","SQUAW VALLEY G.C., CA US","2020-09-27","4.25","0.00","0.0","52","58","46","50","0.0","19.0"
"USS0020K30S","SQUAW VALLEY G.C., CA US","2020-09-28","3.80","0.00","0.0","53","62","46","52","0.0","20.8"
"USS0020K30S","SQUAW VALLEY G.C., CA US","2020-09-29","5.59","0.00","0.0","59","67","49","59","0.0","19.2"
"USS0020K30S","SQUAW VALLEY G.C., CA US","2020-09-30","2.24","0.00","0.0","60","69","53","55","0.0","9.8"
"USS0020K30S","SQUAW VALLEY G.C., CA US","2020-10-01","2.46","0.00","0.0","62","70","54","59","0.0","15.2"
"USS0020K30S","SQUAW VALLEY G.C., CA US","2020-10-02","2.46","0.00","0.0","63","71","56","59","0.0","11.2"
"USS0020K30S","SQUAW VALLEY G.C., CA US","2020-10-03","3.58","0.00","0.0","62","70","55","58","0.0","13.9"
"USS0020K30S","SQUAW VALLEY G.C., CA US","2020-10-04","5.59","0.00","0.0","58","66","51","55","0.0","27.1"
"USS0020K30S","SQUAW VALLEY G.C., CA US","2020-10-05","6.71","0.00","0.0","58","67","53","55","0.0","24.8"
"USS0020K30S","SQUAW VALLEY G.C., CA US","2020-10-06","3.80","0.00","0.0","58","68","52","57","0.0","16.8"
"USS0020K30S","SQUAW VALLEY G.C., CA US","2020-10-07","6.93","0.00","0.0","58","67","52","54","0.0","19.9"
"USS0020K30S","SQUAW VALLEY G.C., CA US","2020-10-08","6.04","0.00","0.0","54","57","49","51","0.0","19.0"
"USS0020K30S","SQUAW VALLEY G.C., CA US","2020-10-09","6.04","0.00","0.0","51","63","46","46","0.0","20.6"
"USS0020K30S","SQUAW VALLEY G.C., CA US","2020-10-10","12.53","0.10","0.0","44","48","40","40","0.0","48.8"
"USS0020K30S","SQUAW VALLEY G.C., CA US","2020-10-11","5.59","0.00","0.0","49","60","40","50","0.0","24.8"
"USS0020K30S","SQUAW VALLEY G.C., CA US","2020-10-12","7.38","0.00","0.0","54","62","49","53","0.0","16.8"
"USS0020K30S","SQUAW VALLEY G.C., CA US","2020-10-13","7.61","0.00","0.0","55","63","51","51","0.0","19.2"
"USS0020K30S","SQUAW VALLEY G.C., CA US","2020-10-14","2.24","0.00","0.0","57","68","49","50","0.0","10.1"
"USS0020K30S","SQUAW VALLEY G.C., CA US","2020-10-15","2.68","0.00","0.0","53","61","46","46","0.0","13.9"
"USS0020K30S","SQUAW VALLEY G.C., CA US","2020-10-16","2.01","0.00","0.0","52","64","42","50","0.0","10.5"
"USS0020K30S","SQUAW VALLEY G.C., CA US","2020-10-17","6.49","0.00","0.0","59","66","50","54","0.0","19.0"
"USS0020K30S","SQUAW VALLEY G.C., CA US","2020-10-18","7.83","0.00","0.0","55","62","48","51","0.0","19.9"
"USS0020K30S","SQUAW VALLEY G.C., CA US","2020-10-19","5.82","0.00","0.0","55","65","50","51","0.0","16.8"
"USS0020K30S","SQUAW VALLEY G.C., CA US","2020-10-20","2.91","0.00","0.0","54","66","47","50","0.0","15.0"
"USS0020K30S","SQUAW VALLEY G.C., CA US","2020-10-21","9.40","0.00","0.0","54","60","49","49","0.0","20.6"
"USS0020K30S","SQUAW VALLEY G.C., CA US","2020-10-22","2.91","0.00","0.0","47","56","36","37","0.0","13.2"
"USS0020K30S","SQUAW VALLEY G.C., CA US","2020-10-23","7.38","0.00","0.0","47","56","36","46","0.0","20.1"
"USS0020K30S","SQUAW VALLEY G.C., CA US","2020-10-24","9.17","0.00","0.0","46","53","41","41","0.0","23.3"
"USS0020K30S","SQUAW VALLEY G.C., CA US","2020-10-25","7.83","0.00","0.0","33","42","20","20","0.0","26.6"
"USS0020K30S","SQUAW VALLEY G.C., CA US","2020-10-26","6.26","0.10","0.0","29","39","20","33","0.0","27.1"
"USS0020K30S","SQUAW VALLEY G.C., CA US","2020-10-27","5.37","0.00","0.0","41","51","31","43","0.0","23.7"
"USS0020K30S","SQUAW VALLEY G.C., CA US","2020-10-28","1.79","0.00","0.0","50","60","42","46","0.0","9.8"
"USS0020K30S","SQUAW VALLEY G.C., CA US","2020-10-29","2.24","0.00","0.0","51","60","45","47","0.0","10.3"
"USS0020K30S","SQUAW VALLEY G.C., CA US","2020-10-30","6.49","0.00","0.0","53","60","47","51","0.0","19.0"
"USS0020K30S","SQUAW VALLEY G.C., CA US","2020-10-31","3.13","0.00","0.0","53","63","46","50","0.0","13.0"
"USS0020K30S","SQUAW VALLEY G.C., CA US","2020-11-01","3.36","0.00","0.0","54","65","49","51","0.0","14.8"
"USS0020K30S","SQUAW VALLEY G.C., CA US","2020-11-02","4.47","0.00","0.0","54","64","48","51","0.0","19.5"
"USS0020K30S","SQUAW VALLEY G.C., CA US","2020-11-03","7.61","0.00","0.0","51","57","48","49","0.0","19.5"
"USS0020K30S","SQUAW VALLEY G.C., CA US","2020-11-04","3.36","0.00","0.0","51","60","44","50","0.0","14.5"
"USS0020K30S","SQUAW VALLEY G.C., CA US","2020-11-05","4.25","0.00","0.0","52","64","46","46","0.0","26.8"
"USS0020K30S","SQUAW VALLEY G.C., CA US","2020-11-06","8.50","0.00","0.0","31","46","21","22","0.0","45.9"
"USS0020K30S","SQUAW VALLEY G.C., CA US","2020-11-07","9.62","0.10","1.0","23","26","19","24","0.1","30.2"
"USS0020K30S","SQUAW VALLEY G.C., CA US","2020-11-08","5.82","0.40","6.0","18","24","14","15","0.7","29.8"
"USS0020K30S","SQUAW VALLEY G.C., CA US","2020-11-09","3.36","0.00","6.0","22","29","13","30","0.7","13.4"
"USS0020K30S","SQUAW VALLEY G.C., CA US","2020-11-10","6.71","0.00","5.0","32","42","24","30","0.8","25.3"
"USS0020K30S","SQUAW VALLEY G.C., CA US","2020-11-11","8.95","0.00","5.0","32","37","29","30","0.8","20.8"
"USS0020K30S","SQUAW VALLEY G.C., CA US","2020-11-12","7.83","0.10","4.0","35","42","30","31","0.9","34.0"
"USS0020K30S","SQUAW VALLEY G.C., CA US","2020-11-13","16.11","2.00","4.0","30","33","27","30","2.5","55.0"
"USS0020K30S","SQUAW VALLEY G.C., CA US","2020-11-14","11.41","0.10","4.0","34","40","26","34","2.5","32.4"
"USS0020K30S","SQUAW VALLEY G.C., CA US","2020-11-15","10.29","0.00","4.0","39","43","34","42","2.5","40.5"
"USS0020K30S","SQUAW VALLEY G.C., CA US","2020-11-16","7.61","0.00","4.0","50","57","42","48","2.5","35.8"
"USS0020K30S","SQUAW VALLEY G.C., CA US","2020-11-17","16.55","0.00","4.0","39","48","31","31","2.5","48.1"
"USS0020K30S","SQUAW VALLEY G.C., CA US","2020-11-18","14.54","2.40","20.0","31","34","27","27","5.0","46.5"
"USS0020K30S","SQUAW VALLEY G.C., CA US","2020-11-19","5.14","0.00","20.0","30","42","26","27","5.0","30.9"
"USS0020K30S","SQUAW VALLEY G.C., CA US","2020-11-20","0.89","0.00","20.0","34","48","27","36","5.0","5.6"
"USS0020K30S","SQUAW VALLEY G.C., CA US","2020-11-21","1.79","0.00","19.0","38","49","32","34","5.0","6.5"
"USS0020K30S","SQUAW VALLEY G.C., CA US","2020-11-22","7.16","0.00","17.0","38","45","29","31","5.0","33.1"
"USS0020K30S","SQUAW VALLEY G.C., CA US","2020-11-23","4.92","0.00","18.0","31","42","26","27","5.0","21.7"
"USS0020K30S","SQUAW VALLEY G.C., CA US","2020-11-24","4.25","0.00","18.0","37","51","26","33","5.0","28.6"
"USS0020K30S","SQUAW VALLEY G.C., CA US","2020-11-25","8.95","0.00","17.0","28","33","20","20","5.0","37.8"
"USS0020K30S","SQUAW VALLEY G.C., CA US","2020-11-26","7.16","0.00","17.0","23","29","18","26","5.0","30.4"
"USS0020K30S","SQUAW VALLEY G.C., CA US","2020-11-27","2.46","0.10","17.0","35","45","26","38","5.1","14.3"
"USS0020K30S","SQUAW VALLEY G.C., CA US","2020-11-28","3.58","0.00","17.0","39","53","34","35","5.1","13.6"
"USS0020K30S","SQUAW VALLEY G.C., CA US","2020-11-29","2.46","0.00","16.0","39","51","31","38","5.1","17.0"
"USS0020K30S","SQUAW VALLEY G.C., CA US","2020-11-30","8.28","0.00","16.0","39","45","35","42","5.1","26.8"
"USS0020K30S","SQUAW VALLEY G.C., CA US","2020-12-01","1.79","0.00","17.0","40","52","32","38","5.1","6.3"
"USS0020K30S","SQUAW VALLEY G.C., CA US","2020-12-02","1.79","0.00","16.0","41","55","36","39","5.1","8.3"
"USS0020K30S","SQUAW VALLEY G.C., CA US","2020-12-03","5.14","0.00","16.0","42","49","36","39","5.1","16.1"
"USS0020K30S","SQUAW VALLEY G.C., CA US","2020-12-04","2.24","0.00","16.0","39","49","33","35","5.0","5.6"
"USS0020K30S","SQUAW VALLEY G.C., CA US","2020-12-05","7.16","0.00","16.0","40","46","33","36","5.0","32.4"
"USS0020K30S","SQUAW VALLEY G.C., CA US","2020-12-06","6.71","0.00","16.0","35","46","25","28","5.0","30.6"
"USS0020K30S","SQUAW VALLEY G.C., CA US","2020-12-07","5.59","0.00","15.0","32","39","24","35","5.0","27.5"
"USS0020K30S","SQUAW VALLEY G.C., CA US","2020-12-08","2.46","0.00","15.0","43","53","34","47","5.0","13.4"
"USS0020K30S","SQUAW VALLEY G.C., CA US","2020-12-09","7.16","0.00","16.0","40","47","30","31","4.9","21.7"
"USS0020K30S","SQUAW VALLEY G.C., CA US","2020-12-10","8.28","0.00","16.0","32","40","27","28","4.8","33.3"
"USS0020K30S","SQUAW VALLEY G.C., CA US","2020-12-11","13.65","0.30","14.0","29","35","24","31","5.1","37.8"
"USS0020K30S","SQUAW VALLEY G.C., CA US","2020-12-12","4.25","0.00","17.0","31","41","25","35","5.1","19.9"
"USS0020K30S","SQUAW VALLEY G.C., CA US","2020-12-13","11.41","1.40","29.0","30","36","23","24","7.6","46.5"
"USS0020K30S","SQUAW VALLEY G.C., CA US","2020-12-14","3.13","0.00","27.0","24","31","21","23","7.6","22.4"
"USS0020K30S","SQUAW VALLEY G.C., CA US","2020-12-15","6.71","0.20","27.0","34","41","22","37","7.9","24.8"
"USS0020K30S","SQUAW VALLEY G.C., CA US","2020-12-16","6.93","0.00","27.0","36","43","31","34","7.9","32.4"
"USS0020K30S","SQUAW VALLEY G.C., CA US","2020-12-17","6.71","0.60","33.0","27","35","19","20","8.6","39.8"
"USS0020K30S","SQUAW VALLEY G.C., CA US","2020-12-18","3.58","0.00","31.0","30","46","19","38","8.6","15.7"
"USS0020K30S","SQUAW VALLEY G.C., CA US","2020-12-19","8.72","0.00","31.0","41","45","36","44","8.6","21.9"
"USS0020K30S","SQUAW VALLEY G.C., CA US","2020-12-20","5.37","0.00","31.0","45","53","41","43","8.6","19.9"
"USS0020K30S","SQUAW VALLEY G.C., CA US","2020-12-21","8.28","0.00","26.0","42","50","35","35","8.6","38.7"
"USS0020K30S","SQUAW VALLEY G.C., CA US","2020-12-22","6.49","0.00","26.0","32","45","23","24","8.6","46.1"
"USS0020K30S","SQUAW VALLEY G.C., CA US","2020-12-23","3.13","0.00","25.0","31","40","22","38","8.6","18.1"
"USS0020K30S","SQUAW VALLEY G.C., CA US","2020-12-24","8.05","0.00","25.0","38","44","32","33","8.6","24.6"
"USS0020K30S","SQUAW VALLEY G.C., CA US","2020-12-25","12.30","0.50","24.0","32","37","29","29","9.1","44.7"
"USS0020K30S","SQUAW VALLEY G.C., CA US","2020-12-26","8.05","0.70","32.0","25","30","21","24","9.8","50.8"
"USS0020K30S","SQUAW VALLEY G.C., CA US","2020-12-27","2.46","0.30","32.0","26","33","23","23","10.1","13.2"
"USS0020K30S","SQUAW VALLEY G.C., CA US","2020-12-28","2.46","0.10","32.0","23","28","20","20","10.2","11.0"
"USS0020K30S","SQUAW VALLEY G.C., CA US","2020-12-29","2.46","0.00","34.0","25","37","16","34","10.2","10.3"
"USS0020K30S","SQUAW VALLEY G.C., CA US","2020-12-30","9.62","0.30","38.0","31","36","24","27","10.5","36.2"
"USS0020K30S","SQUAW VALLEY G.C., CA US","2020-12-31","5.14","0.10","37.0","25","31","22","25","10.6","32.4"
"USS0020K30S","SQUAW VALLEY G.C., CA US","2021-01-01","7.61","0.10","36.0","33","48","23","28","10.7","37.8"
"USS0020K30S","SQUAW VALLEY G.C., CA US","2021-01-02","7.83","0.10","34.0","31","33","27","29","10.8","33.8"
"USS0020K30S","SQUAW VALLEY G.C., CA US","2021-01-03","6.71","0.10","34.0","31","35","28","34","10.9","21.9"
"USS0020K30S","SQUAW VALLEY G.C., CA US","2021-01-04","13.42","1.40","33.0","30","34","24","26","11.0","60.4"
"USS0020K30S","SQUAW VALLEY G.C., CA US","2021-01-05","6.71","0.00","33.0","32","39","25","33","11.0","21.7"
"USS0020K30S","SQUAW VALLEY G.C., CA US","2021-01-06","9.40","0.10","32.0","35","40","30","33","11.0","40.0"
"USS0020K30S","SQUAW VALLEY G.C., CA US","2021-01-07","3.13","0.00","33.0","35","47","28","36","11.0","26.8"
"USS0020K30S","SQUAW VALLEY G.C., CA US","2021-01-08","9.62","0.00","33.0","31","38","21","30","11.0","34.9"
"USS0020K30S","SQUAW VALLEY G.C., CA US","2021-01-09","2.68","0.00","32.0","34","44","22","39","11.0","13.9"
"USS0020K30S","SQUAW VALLEY G.C., CA US","2021-01-10","7.38","0.00","33.0","35","41","30","35","11.0","23.0"
"USS0020K30S","SQUAW VALLEY G.C., CA US","2021-01-11","4.25","0.20","32.0","41","50","35","37","11.0","19.9"
"USS0020K30S","SQUAW VALLEY G.C., CA US","2021-01-12","10.51","0.00","31.0","37","41","32","40","11.0","34.4"
"USS0020K30S","SQUAW VALLEY G.C., CA US","2021-01-13","7.16","0.00","31.0","39","45","36","40","10.9","29.3"
"USS0020K30S","SQUAW VALLEY G.C., CA US","2021-01-14","1.79","0.00","30.0","45","54","37","46","10.8","8.5"
"USS0020K30S","SQUAW VALLEY G.C., CA US","2021-01-15","6.49","0.00","30.0","48","55","39","42","10.7","21.3"
"USS0020K30S","SQUAW VALLEY G.C., CA US","2021-01-16","1.79","0.00","30.0","41","51","36","36","10.6","6.9"
"USS0020K30S","SQUAW VALLEY G.C., CA US","2021-01-17","2.24","0.00","29.0","41","54","32","32","10.5","11.6"
"USS0020K30S","SQUAW VALLEY G.C., CA US","2021-01-18","6.71","0.00","28.0","32","41","20","20","10.5","31.8"
"USS0020K30S","SQUAW VALLEY G.C., CA US","2021-01-19","8.50","0.00","29.0","22","27","17","25","10.5","35.3"
"USS0020K30S","SQUAW VALLEY G.C., CA US","2021-01-20","3.80","0.00","29.0","33","43","23","34","10.5","12.3"
"USS0020K30S","SQUAW VALLEY G.C., CA US","2021-01-21","7.38","0.00","29.0","34","40","29","30","10.5","29.8"
"USS0020K30S","SQUAW VALLEY G.C., CA US","2021-01-22","8.28","0.10","26.0","24","30","21","21","10.6","31.8"
"USS0020K30S","SQUAW VALLEY G.C., CA US","2021-01-23","5.14","0.00","31.0","22","26","19","21","10.6","17.4"
"USS0020K30S","SQUAW VALLEY G.C., CA US","2021-01-24","8.72","0.40","37.0","22","25","19","20","11.1","32.0"
"USS0020K30S","SQUAW VALLEY G.C., CA US","2021-01-25","4.25","0.00","37.0","17","23","13","13","11.1","22.1"
"USS0020K30S","SQUAW VALLEY G.C., CA US","2021-01-26","10.29","0.40","42.0","16","26","8","25","11.5","45.6"
"USS0020K30S","SQUAW VALLEY G.C., CA US","2021-01-27","17.45","1.60","68.0","25","28","22","27","13.4","53.7"
"USS0020K30S","SQUAW VALLEY G.C., CA US","2021-01-28","12.08","2.40","62.0","26","27","23","24","15.9","41.8"
"USS0020K30S","SQUAW VALLEY G.C., CA US","2021-01-29","7.16","0.50","61.0","22","27","18","19","16.6","29.3"
"USS0020K30S","SQUAW VALLEY G.C., CA US","2021-01-30","7.16","0.00","60.0","28","39","19","31","16.6","34.2"
"USS0020K30S","SQUAW VALLEY G.C., CA US","2021-01-31","7.83","0.00","56.0","33","40","27","35","16.6","28.2"
"USS0020K30S","SQUAW VALLEY G.C., CA US","2021-02-01","11.41","0.00","54.0","35","39","31","32","16.6","39.1"
"USS0020K30S","SQUAW VALLEY G.C., CA US","2021-02-02","11.41","0.20","65.0","29","33","26","26","16.8","39.4"
"USS0020K30S","SQUAW VALLEY G.C., CA US","2021-02-03","13.42","0.10","56.0","22","27","19","20","16.9","60.2"
"USS0020K30S","SQUAW VALLEY G.C., CA US","2021-02-04","3.36","0.00","56.0","27","40","17","30","16.9","13.4"
"USS0020K30S","SQUAW VALLEY G.C., CA US","2021-02-05","2.91","0.00","55.0","38","49","30","36","16.9","20.6"
"USS0020K30S","SQUAW VALLEY G.C., CA US","2021-02-06","4.03","0.00","54.0","42","53","31","40","16.9","16.8"
"USS0020K30S","SQUAW VALLEY G.C., CA US","2021-02-07","4.70","0.00","54.0","40","52","34","38","16.9","19.2"
"USS0020K30S","SQUAW VALLEY G.C., CA US","2021-02-08","8.95","0.10","52.0","37","43","33","32","17.0","28.6"
"USS0020K30S","SQUAW VALLEY G.C., CA US","2021-02-09","10.74","0.00","51.0","31","33","29","32","17.0","31.3"
"USS0020K30S","SQUAW VALLEY G.C., CA US","2021-02-10","5.59","0.00","50.0","34","40","31","33","17.1","15.0"
"USS0020K30S","SQUAW VALLEY G.C., CA US","2021-02-11","10.96","1.30","62.0","32","37","29","29","18.9","42.1"
"USS0020K30S","SQUAW VALLEY G.C., CA US","2021-02-12","10.29","0.20","58.0","30","37","24","28","19.1","27.5"
"USS0020K30S","SQUAW VALLEY G.C., CA US","2021-02-13","11.86","1.30","64.0","26","29","22","22","20.6","44.1"
"USS0020K30S","SQUAW VALLEY G.C., CA US","2021-02-14","6.71","0.10","62.0","26","30","19","30","20.7","25.5"
"USS0020K30S","SQUAW VALLEY G.C., CA US","2021-02-15","12.97","0.20","60.0","31","35","26","26","20.8","43.2"
"USS0020K30S","SQUAW VALLEY G.C., CA US","2021-02-16","5.14","0.00","61.0","25","33","18","21","20.8","25.7"
"USS0020K30S","SQUAW VALLEY G.C., CA US","2021-02-17","5.14","0.00","61.0","21","28","15","20","20.8","19.2"
"USS0020K30S","SQUAW VALLEY G.C., CA US","2021-02-18","9.84","0.00","60.0","31","39","19","25","20.8","40.7"
"USS0020K30S","SQUAW VALLEY G.C., CA US","2021-02-19","11.41","0.20","59.0","30","34","24","24","20.9","44.5"
"USS0020K30S","SQUAW VALLEY G.C., CA US","2021-02-20","6.71","0.00","60.0","23","31","18","20","20.9","46.3"
"USS0020K30S","SQUAW VALLEY G.C., CA US","2021-02-21","2.91","0.00","59.0","28","39","18","29","20.9","14.3"
"USS0020K30S","SQUAW VALLEY G.C., CA US","2021-02-22","2.68","0.00","58.0","38","54","28","37","20.9","14.1"
"USS0020K30S","SQUAW VALLEY G.C., CA US","2021-02-23","4.25","0.00","57.0","36","45","28","28","20.8","22.4"
"USS0020K30S","SQUAW VALLEY G.C., CA US","2021-02-24","5.14","0.00","57.0","28","38","17","17","20.7","26.8"
"USS0020K30S","SQUAW VALLEY G.C., CA US","2021-02-25","4.92","0.00","56.0","33","46","16","33","20.7","28.2"
"USS0020K30S","SQUAW VALLEY G.C., CA US","2021-02-26","10.29","0.00","56.0","30","35","23","24","20.7","33.1"
"USS0020K30S","SQUAW VALLEY G.C., CA US","2021-02-27","6.04","0.00","56.0","23","30","19","21","20.7","22.4"
"USS0020K30S","SQUAW VALLEY G.C., CA US","2021-02-28","2.46","0.00","55.0","30","42","20","33","20.7","16.1"
"USS0020K30S","SQUAW VALLEY G.C., CA US","2021-03-01","6.93","0.00","55.0","35","42","31","35","20.7","29.3"
"USS0020K30S","SQUAW VALLEY G.C., CA US","2021-03-02","3.80","0.00","55.0","36","47","30","33","20.7","20.6"
"USS0020K30S","SQUAW VALLEY G.C., CA US","2021-03-03","5.59","0.00","54.0","35","44","29","30","20.7","20.8"
"USS0020K30S","SQUAW VALLEY G.C., CA US","2021-03-04","7.16","0.00","53.0","34","42","27","35","20.7","23.7"
"USS0020K30S","SQUAW VALLEY G.C., CA US","2021-03-05","10.29","0.00","52.0","37","44","30","31","20.7","38.5"
"USS0020K30S","SQUAW VALLEY G.C., CA US","2021-03-06","14.76","0.30","53.0","28","33","22","30","20.9","58.4"
"USS0020K30S","SQUAW VALLEY G.C., CA US","2021-03-07","5.37","0.00","52.0","33","44","27","28","20.9","21.0"
"USS0020K30S","SQUAW VALLEY G.C., CA US","2021-03-08","7.16","0.00","52.0","23","28","19","21","20.9","38.9"
"USS0020K30S","SQUAW VALLEY G.C., CA US","2021-03-09","7.83","0.50","59.0","21","27","18","21","21.3","29.3"
"USS0020K30S","SQUAW VALLEY G.C., CA US","2021-03-10","6.93","0.40",,"20","25","15","17","21.7","30.6"
"USS0020K30S","SQUAW VALLEY G.C., CA US","2021-03-11","4.47","0.50","65.0","21","30","13","23","21.9","21.5"
"USS0020K30S","SQUAW VALLEY G.C., CA US","2021-03-12","5.14","0.00","63.0","26","36","20","26","21.9","20.8"
"USS0020K30S","SQUAW VALLEY G.C., CA US","2021-03-13","4.47","0.00","61.0","33","44","23","34","21.9","16.8"
"USS0020K30S","SQUAW VALLEY G.C., CA US","2021-03-14","10.29","0.20","61.0","32","42","25","27","22.0","35.8"
"USS0020K30S","SQUAW VALLEY G.C., CA US","2021-03-15","7.16","0.20","63.0","19","28","14","23","22.3","34.0"
"USS0020K30S","SQUAW VALLEY G.C., CA US","2021-03-16","7.38","0.00","61.0","28","35","22","30","22.3","21.0"
"USS0020K30S","SQUAW VALLEY G.C., CA US","2021-03-17","7.61","0.10","60.0","34","42","29","32","22.3","26.6"
"USS0020K30S","SQUAW VALLEY G.C., CA US","2021-03-18","10.29","0.40",,"32","37","29","32","22.7","35.1"
"USS0020K30S","SQUAW VALLEY G.C., CA US","2021-03-19","9.40","0.70",,"29","33","24","25","24.4","32.7"
